model,accuracy,macro_f1
mobilenetv3_large,0.8631578947368421,0.8369657829068946
mobilenetv2,0.8421052631578947,0.8158122079484049
mobilenetv3_small,0.8210526315789474,0.781248161750211
mobbilenetv4,0.7543859649122807,0.7097366485011305
