model,mean_accuracy,std_accuracy,mean_macro_f1,std_macro_f1
shufflenet,0.8666666666666667,0.010329544872898049,0.83895331963213,0.013638445534186035
mobilenetv3_large,0.856140350877193,0.010814761408717491,0.827220768002344,0.016484854623496453
resnet50,0.8526315789473684,0.020659089745796146,0.8232838703364885,0.02789606328202855
efficientnetv2s,0.8514619883040936,0.020325318359044185,0.8220138098905879,0.022723168060018516
efficientnetv2m,0.8421052631578947,0.007579813682348347,0.8110857702623795,0.011747401685074245
mobilenetv3_small,0.8298245614035087,0.014573024320908895,0.7938628538136413,0.017363362787720008
squeezenet,0.7298245614035087,0.004962152850431875,0.6752993164291613,0.008011897729315235
vgg16,0.6479532163742691,0.007209840939145024,0.5644444486982573,0.014452936904966641
